scope,split,target_class,recording_count,unique_source_count,total_duration_seconds,mean_duration_seconds,min_duration_seconds,max_duration_seconds,sample_rate,channels,subtype
overall,ALL,ALL,160,127,800.0,5.0,5.0,5.0,16000,1,PCM_16
split,train,ALL,114,89,570.0,5.0,5.0,5.0,16000,1,PCM_16
split,validation,ALL,23,19,115.0,5.0,5.0,5.0,16000,1,PCM_16
split,test,ALL,23,19,115.0,5.0,5.0,5.0,16000,1,PCM_16
class,ALL,ENGINE,40,34,200.0,5.0,5.0,5.0,16000,1,PCM_16
class,ALL,RAIN,40,40,200.0,5.0,5.0,5.0,16000,1,PCM_16
class,ALL,SIREN,40,28,200.0,5.0,5.0,5.0,16000,1,PCM_16
class,ALL,WIND,40,25,200.0,5.0,5.0,5.0,16000,1,PCM_16
class_split,train,ENGINE,29,24,145.0,5.0,5.0,5.0,16000,1,PCM_16
class_split,validation,ENGINE,6,5,30.0,5.0,5.0,5.0,16000,1,PCM_16
class_split,test,ENGINE,5,5,25.0,5.0,5.0,5.0,16000,1,PCM_16
class_split,train,RAIN,28,28,140.0,5.0,5.0,5.0,16000,1,PCM_16
class_split,validation,RAIN,6,6,30.0,5.0,5.0,5.0,16000,1,PCM_16
class_split,test,RAIN,6,6,30.0,5.0,5.0,5.0,16000,1,PCM_16
class_split,train,SIREN,27,20,135.0,5.0,5.0,5.0,16000,1,PCM_16
class_split,validation,SIREN,5,4,25.0,5.0,5.0,5.0,16000,1,PCM_16
class_split,test,SIREN,8,4,40.0,5.0,5.0,5.0,16000,1,PCM_16
class_split,train,WIND,30,17,150.0,5.0,5.0,5.0,16000,1,PCM_16
class_split,validation,WIND,6,4,30.0,5.0,5.0,5.0,16000,1,PCM_16
class_split,test,WIND,4,4,20.0,5.0,5.0,5.0,16000,1,PCM_16
