noise_type,method,sample_rate,stoi,si_sdr_db,pesq,input_snr_db,output_snr_db,snr_improvement_db,speech_distortion_db,residual_noise_db,processing_time_sec
environmental,no_enhancement,16000,0.06644443606409631,14.088019599199807,,9.807373514966027,9.807373514966027,0.0,-9.807373514935446,-14.325357473093455,5.9100042562931776e-05
environmental,wiener,16000,0.08357642587420287,25.0647380957046,,9.807373514966027,10.606016069259407,0.7986425542933802,-10.60601606922447,-15.12400002738248,0.015335600008256733
environmental,spectral_suppression,16000,0.09130073639443438,26.278766283647606,,9.807373514966027,10.243670203108845,0.43629668814281786,-10.243670203075936,-14.761654161233945,0.020556100003886968
pink,no_enhancement,16000,0.03787798457031881,13.684985715137383,,9.569114925353942,9.569114925353942,0.0,-9.569114925324584,-14.087098883482591,4.4199987314641476e-05
pink,wiener,16000,0.0449100183874671,22.35270560760368,,9.569114925353942,10.230547214065233,0.6614322887112909,-10.230547214032395,-14.748531172190404,0.015967999992426485
pink,spectral_suppression,16000,0.04851596991425226,22.901141976265688,,9.569114925353942,9.321214651768884,-0.24790027358505817,-9.32121465174076,-13.839198609898771,0.0190075000282377
sine,no_enhancement,16000,0.6168292060622372,4.5128201283727,,5.72387286770236,5.72387286770236,0.0,-5.723872867688728,-10.241856825846739,0.00013599998783320189
sine,wiener,16000,0.8212060103289746,24.416154996697017,,5.72387286770236,9.568846371637855,3.8449735039354955,-9.568846371608497,-14.086830329766507,0.014422099979128689
sine,spectral_suppression,16000,0.8251546898490258,24.41419179449888,,5.72387286770236,9.565794942830335,3.8419220751279752,-9.565794942800991,-14.083778900959,0.021873099962249398
white,no_enhancement,16000,0.0028265671457507364,1.5068519801380873,,2.8477204477346834,2.8477204477346834,0.0,-2.8477204477290137,-7.365704405887024,5.050003528594971e-05
white,wiener,16000,0.014543134590419338,15.232295156928608,,2.8477204477346834,2.9821683784276383,0.1344479306929549,-2.9821683784216537,-7.500152336579662,0.014387000002898276
white,spectral_suppression,16000,0.013260990442068138,13.846315595326462,,2.8477204477346834,2.350923227243754,-0.49679722049092945,-2.3509232272392113,-6.86890718539722,0.02306869998574257
