condition,crest_factor,duration_s,file,noise_rms,peak,peak_dbfs,rms,sample_rate,samples,snr_db
,4.654397291460578,4.0,error.wav,,0.352020263671875,-9.068646722052113,0.07563176102687377,16000,64000,
,23.154595716282227,4.0,impulsive_noise.wav,,0.88531494140625,-1.0580441231410762,0.03823495569752919,16000,64000,
,4.323529649296572,4.0,reference.wav,,0.56640625,-4.937439261537493,0.13100552001352714,16000,64000,
,2.561721431273344,4.0,rotor_noise.wav,,0.367340087890625,-8.698633488652005,0.14339579760943516,16000,64000,
,2.8514446370689623,4.0,speech.wav,,0.34173583984375,-9.326189436015058,0.11984656317754246,16000,64000,
,2.693848247824679,4.0,speech_clean.wav,,0.32025146484375,-9.890177501947955,0.11888251875448352,16000,64000,
,3.4618853559052543,4.0,speech_plus_noise.wav,,0.434539794921875,-7.239408898755867,0.12552113956651995,16000,64000,
,4.99403759894616,4.0,stationary_noise.wav,,0.901275634765625,-0.902847391271602,0.18047033425535522,16000,64000,
signal=speech_clean; noise=speech_plus_noise-speech_clean,3.4618853559052543,4.0,speech_plus_noise_condition,0.03970347140850264,0.434539794921875,-7.239408898755867,0.12552113956651995,16000,64000,9.525790352423641
