recording_key,true_class,predicted_class,confidence,window_count,prob_ENGINE,prob_RAIN,prob_SIREN,prob_WIND
115382::3-115382-A-44.wav,ENGINE,RAIN,0.3478999435901642,4,0.23284918069839478,0.3478999435901642,0.09000052511692047,0.3292503356933594
121532::4-121532-A-42.wav,SIREN,RAIN,0.3728439211845398,4,0.19770127534866333,0.3728439211845398,0.27856358885765076,0.15089114010334015
136608::3-136608-A-16.wav,WIND,WIND,0.3764022886753082,4,0.310772180557251,0.27368855476379395,0.03913694992661476,0.3764022886753082
154758::3-154758-A-44.wav,ENGINE,ENGINE,0.5234346985816956,4,0.5234346985816956,0.28219810128211975,0.10756036639213562,0.08680684119462967
164206::4-164206-A-10.wav,RAIN,SIREN,0.3382556140422821,4,0.11009474098682404,0.28499099612236023,0.3382556140422821,0.2666586637496948
181286::4-181286-A-10.wav,RAIN,RAIN,0.4523076117038727,4,0.18344943225383759,0.4523076117038727,0.1357467770576477,0.22849619388580322
202898::5-202898-A-10.wav,RAIN,WIND,0.46495017409324646,4,0.11805742233991623,0.2367057353258133,0.18028667569160461,0.46495017409324646
205966::2-205966-A-16.wav,WIND,ENGINE,0.35907676815986633,4,0.35907676815986633,0.30995357036590576,0.07904579490423203,0.2519237995147705
240671::5-240671-A-44.wav,ENGINE,ENGINE,0.3798080086708069,4,0.3798080086708069,0.31393957138061523,0.06467743217945099,0.2415749728679657
26222::1-26222-A-10.wav,RAIN,RAIN,0.4521859288215637,4,0.19571717083454132,0.4521859288215637,0.0762113556265831,0.27588558197021484
50455::1-50455-A-44.wav,ENGINE,ENGINE,0.39253824949264526,4,0.39253824949264526,0.280817449092865,0.06040949746966362,0.2662348449230194
51035::1-51035-A-16.wav,WIND,ENGINE,0.5637755393981934,4,0.5637755393981934,0.2813071608543396,0.08723166584968567,0.06768560409545898
51037::1-51037-A-16.wav,WIND,ENGINE,0.3280022144317627,4,0.3280022144317627,0.31025463342666626,0.047009747475385666,0.3147333860397339
54084::1-54084-A-42.wav,SIREN,WIND,0.5119840502738953,4,0.22432753443717957,0.21476414799690247,0.048924293369054794,0.5119840502738953
72688::2-72688-A-42.wav,SIREN,ENGINE,0.35778194665908813,4,0.35778194665908813,0.2954042851924896,0.11258712410926819,0.23422658443450928
76831::1-76831-A-42.wav,SIREN,WIND,0.3387015461921692,4,0.16050824522972107,0.22623559832572937,0.274554580450058,0.3387015461921692
76831::1-76831-B-42.wav,SIREN,SIREN,0.8797687888145447,4,0.018640805035829544,0.07772600650787354,0.8797687888145447,0.02386438101530075
76831::1-76831-C-42.wav,SIREN,WIND,0.32033777236938477,4,0.2473115473985672,0.31557774543762207,0.11677295714616776,0.32033777236938477
76831::1-76831-D-42.wav,SIREN,RAIN,0.3222256600856781,4,0.24797523021697998,0.3222256600856781,0.11851990222930908,0.31127917766571045
76831::1-76831-E-42.wav,SIREN,SIREN,0.7901843786239624,4,0.04298268258571625,0.10734668374061584,0.7901843786239624,0.05948628857731819
78651::2-78651-A-44.wav,ENGINE,SIREN,0.8199206590652466,4,0.10820841044187546,0.0666729137301445,0.8199206590652466,0.005198060069233179
81731::2-81731-A-10.wav,RAIN,SIREN,0.5573704242706299,4,0.0631965920329094,0.18534207344055176,0.5573704242706299,0.19409087300300598
87781::2-87781-A-10.wav,RAIN,RAIN,0.3596024811267853,4,0.3047536015510559,0.3596024811267853,0.09126783907413483,0.24437609314918518
