epoch,train_loss,train_accuracy,validation_accuracy,validation_macro_precision,validation_macro_recall,validation_macro_f1,epoch_time_seconds
1,1.3437344860612301,0.375,0.22826086956521738,0.16818181818181818,0.22291666666666668,0.1808906613492855,0.6667947999958415
2,1.1778010736431992,0.5,0.3804347826086957,0.28706563706563704,0.38125,0.32464573492636845,0.517844599991804
3,1.1608174892894008,0.4934210526315789,0.4891304347826087,0.49716485340217587,0.49375,0.48763985976150803,0.5086616999906255
4,1.1507695076758402,0.48026315789473684,0.5217391304347826,0.5445084485407066,0.525,0.5186230436230437,0.5584193000104278
5,1.1396540298796536,0.506578947368421,0.5,0.5383777442600972,0.5041666666666667,0.4993312640371464,0.5817116999969585
6,1.1174723307291667,0.5350877192982456,0.5108695652173914,0.5709033613445378,0.5145833333333334,0.5242054693274205,0.7013528999959817
7,1.1119785465692218,0.5153508771929824,0.5217391304347826,0.5327380952380952,0.525,0.5192307692307692,0.6069250000000466
8,1.0869678394836293,0.5394736842105263,0.4673913043478261,0.4833769172004466,0.47916666666666663,0.4571264578759118,0.5551527999923564
9,1.0774811380787899,0.5372807017543859,0.5434782608695652,0.5486453201970443,0.5458333333333333,0.5412752865583055,0.6776013999915449
10,1.079062961695487,0.5350877192982456,0.532608695652174,0.5441298558897243,0.5354166666666667,0.5345745662606127,0.6985436999966623
11,1.0890015280037595,0.5307017543859649,0.5,0.5036363636363637,0.5041666666666667,0.5008416014627195,0.49790779998875223
12,1.0725321884740864,0.5372807017543859,0.5,0.5436507936507936,0.5125,0.4962001778640149,0.4935165000060806
13,1.0556990368324413,0.5394736842105263,0.5108695652173914,0.6010321519912313,0.5145833333333334,0.528012103429305,0.518322599993553
14,1.0507381715272601,0.5592105263157895,0.5434782608695652,0.5656487475372924,0.5458333333333333,0.5468143039174597,0.4941277999896556
15,1.0645287821167393,0.5328947368421053,0.4891304347826087,0.4855006105006105,0.5020833333333333,0.46457431457431453,0.5305466999998316
16,1.0393382122642116,0.5526315789473685,0.532608695652174,0.5416666666666666,0.5354166666666667,0.5332988267770876,0.5355379999964498
17,1.0423714047984074,0.5460526315789473,0.5217391304347826,0.5528050778050778,0.525,0.5221731820092476,0.5267924000072526
18,1.0318066958795513,0.5657894736842105,0.5,0.5052447552447552,0.5062500000000001,0.5006211180124224,0.5034339999983786
19,1.0083784304167096,0.5657894736842105,0.4782608695652174,0.4693617314585056,0.4854166666666667,0.4564558629776021,0.5522175999940373
20,1.0125323711780079,0.5833333333333334,0.5217391304347826,0.5176518218623481,0.5270833333333333,0.5186608246264465,0.5302837000053842
21,0.9950041540882044,0.5899122807017544,0.5,0.5285533568266015,0.5125000000000001,0.46936026936026937,0.5098385000019334
22,1.0071758554692853,0.581140350877193,0.532608695652174,0.5657142857142857,0.5375,0.5319173640315478,0.4887952999997651
23,1.0065720478693645,0.5614035087719298,0.5543478260869565,0.5775412087912088,0.55625,0.555563909774436,0.507688199999393
24,1.007554905456409,0.5570175438596491,0.5,0.5074990730441231,0.5062500000000001,0.4866934652648939,0.49412889999803156
25,0.9946359061358268,0.5921052631578947,0.5217391304347826,0.5405821078431372,0.525,0.5265794058316523,0.5162060000002384
26,0.9911917636269018,0.5877192982456141,0.4782608695652174,0.5337606837606838,0.4875,0.4828323221180364,0.5038001999928383
27,0.9994371460195173,0.5723684210526315,0.4782608695652174,0.5195664013405948,0.48333333333333334,0.4885216287471926,0.47587880000355653
28,0.9689764119031137,0.6074561403508771,0.532608695652174,0.5586274509803921,0.5395833333333333,0.5330343985516399,0.47419900000386406
29,0.9835795582386485,0.5789473684210527,0.532608695652174,0.5411813572122127,0.5395833333333333,0.5263719041127679,0.5021093999966979
30,0.9497795878795156,0.6052631578947368,0.4891304347826087,0.4735889110889111,0.49583333333333335,0.46802182821919663,0.5033309999998892
31,0.9697099568551046,0.6052631578947368,0.5217391304347826,0.5309011164274322,0.5333333333333333,0.5179446962408596,0.4893687999865506
32,0.9684795768637406,0.5833333333333334,0.4891304347826087,0.5530992196209588,0.49583333333333335,0.46275869342658205,0.5113521000021137
33,0.9544932894539415,0.6140350877192983,0.5108695652173914,0.5446594427244582,0.5145833333333334,0.5129924953095685,0.510532600004808
34,0.9547739802745351,0.5767543859649122,0.5108695652173914,0.5592681281063823,0.5229166666666667,0.48409327741771513,0.48590539999713656
35,0.9425843744947199,0.581140350877193,0.5434782608695652,0.5816666666666667,0.5499999999999999,0.5373638344226579,0.5104917999997269
36,0.9206260515932452,0.6381578947368421,0.5434782608695652,0.5470286828181565,0.5458333333333334,0.5443332182561056,0.5049767000018619
37,0.9294007493738543,0.6162280701754386,0.5108695652173914,0.5124854312354312,0.5145833333333334,0.5122132034632034,0.53006770000502
38,0.9081444677553678,0.6403508771929824,0.5543478260869565,0.5742135020152261,0.5645833333333333,0.5443779434850864,0.5102810999960639
39,0.8986018017718667,0.6228070175438597,0.5,0.5157738095238096,0.5062500000000001,0.506993006993007,0.5253350999992108
40,0.8909067522015488,0.6293859649122807,0.4782608695652174,0.5724019607843137,0.4854166666666667,0.4884230233368164,0.523726200000965
