Input_Level_RMS,Output_Level_RMS,Noise_Reduction_dB,Residual_Error_RMS,Convergence_Time_s,Stable,Processing_Time_s,Condition,Algorithm,Filter_Length,Step_Size,Epsilon
0.23684614876036783,1.0000000005187072e-10,187.4893265400415,1.0000000005187072e-10,4.1853125,True,0.1960716000176035,stationary,LMS,32,0.01,1e-08
0.23684614876036783,1.000000000000125e-10,187.48932654454586,1.000000000000125e-10,0.1605625,True,0.2458304999745451,stationary,NLMS,32,0.5,1e-08
0.16925481365400175,1.207810137457514e-10,182.9308471704242,1.207810137457514e-10,4.54425,True,0.18218940001679584,non_stationary,LMS,32,0.01,1e-08
0.16925481365400175,1.0000000000000167e-10,184.57082057890625,1.0000000000000167e-10,0.338125,True,0.5132204999681562,non_stationary,NLMS,32,0.5,1e-08
0.5081864782873082,0.003862809455699567,42.38239638842483,0.003862809455699567,0.349625,True,0.32456169999204576,periodic_mechanical,LMS,32,0.01,1e-08
0.5081864782873082,0.0011020535039209373,53.276408510771006,0.0011020535039209373,0.414,True,0.329773900040891,periodic_mechanical,NLMS,32,0.5,1e-08
0.04992961323594618,0.010528382557007143,13.51993089913018,0.010528382557007143,3.5200625,True,0.3698461999883875,impulsive_transient,LMS,32,0.01,1e-08
0.04992961323594618,1.0000000000000035e-10,173.96716403798047,1.0000000000000035e-10,0.1649375,True,0.3224276999826543,impulsive_transient,NLMS,32,0.5,1e-08
0.20376015423994587,0.0889971815749495,7.194860147635495,0.0889971815749495,0.185625,True,0.18892819999018684,speech_plus_noise,LMS,32,0.01,1e-08
0.20376015423994587,0.10205458910779219,6.005734444208153,0.10205458910779219,0.0029375,True,0.36966999998549,speech_plus_noise,NLMS,32,0.5,1e-08
