Class,Provisional_ID,Definition,Examples,Exclusions,Acoustic_Characteristics,Likely_Confusion,AudioSet,ESC50,UrbanSound8K,DEMAND,MUSAN,FSD50K,Mapping_Confidence,Data_Gap,Decision,Notes
ENGINE,0,"Audio primarily dominated by an identifiable engine or motor operating as the acoustic source","Diesel engine; petrol engine; turbine engine; electric motor","Complete vehicle scenes; general machinery without identifiable engine; rotor-dominant audio","Periodic/quasi-periodic components; harmonics; mechanical vibration; tonal and broadband components","VEHICLE; MACHINERY; ROTOR","PARTIAL","PARTIAL","PARTIAL","INDIRECT","NONE","PARTIAL","MEDIUM","Need verified engine-specific source labels and deployment recordings","INVESTIGATE","Dataset labels must be verified before inclusion."
ROTOR,1,"Audio primarily associated with rotating blades, rotors, propellers, or aerodynamic rotating components","Helicopter rotor; drone rotor; propeller; large rotating fan","Engine-dominant recordings; general machinery; complete vehicle scenes","Blade-passing components; harmonics; tonal/broadband aerodynamic noise; rotational modulation","ENGINE; VEHICLE; MACHINERY","PARTIAL","PARTIAL","PARTIAL","INDIRECT","NONE","PARTIAL","MEDIUM","Example mapping ESC-50 Helicopter -> Project ROTOR is PARTIAL, not a direct original class equivalence","INVESTIGATE","Rotor and engine content may coexist."
VEHICLE,2,"Audio representing a vehicle-level acoustic scene rather than a single isolated mechanical component","Moving vehicle; vehicle pass-by; vehicle interior acoustic environment","Isolated engine recordings; isolated rotor recordings; generic machinery","Engine; drivetrain; tire/road interaction; aerodynamic noise; environmental interaction","ENGINE; ROTOR; MACHINERY","PARTIAL","PARTIAL","YES/PARTIAL","INDIRECT","NONE","PARTIAL","MEDIUM","Whole-vehicle versus component-level definition requires empirical validation","INVESTIGATE","Do not map every engine recording to VEHICLE."
MACHINERY,3,"General mechanical equipment or industrial/mechanical acoustic activity that cannot be more specifically assigned","Industrial machinery; machine operation; mechanical tools","Clearly identifiable engine-only; rotor-dominant; vehicle-level scenes","Mechanical harmonics; vibration; periodic/quasi-periodic and broadband components","ENGINE; ROTOR; VEHICLE; IMPACT/IMPULSIVE","PARTIAL","PARTIAL","PARTIAL","INDIRECT","NONE","PARTIAL","MEDIUM","Broad class; risk of semantic overlap","INVESTIGATE","Use specific classes when source identity is sufficiently clear."
WIND,4,"Audio primarily caused by wind or aerodynamic airflow","Strong wind; turbulence; wind passing microphone; outdoor airflow","Rotor-specific aerodynamic noise; vehicle-specific aerodynamic noise; rain-dominated recordings","Broadband low-frequency energy; turbulence; microphone-dependent effects","ROTOR; VEHICLE; RAIN","YES/PARTIAL","PARTIAL","PARTIAL","YES/PARTIAL","INDIRECT","YES/PARTIAL","MEDIUM","Need microphone/headset-domain recordings","INVESTIGATE","Wind may be environmental background rather than discrete event."
RAIN,5,"Audio primarily generated by rainfall or precipitation interacting with surfaces/environment","Light rain; heavy rain; rain on surfaces","Water machinery; wind-dominated recordings; unrelated transient sounds","Broadband transient activity; repeated small impacts; stochastic temporal structure","WIND; IMPACT/IMPULSIVE","YES","YES","PARTIAL","POSSIBLE","INDIRECT","YES/PARTIAL","HIGH","Need controlled deployment-domain recordings","INVESTIGATE","Rain can resemble repeated impulsive events."
SIREN,6,"Emergency or warning siren with characteristic temporal/spectral modulation","Emergency vehicle siren; warning siren; air-raid siren","Simple alarm; buzzer; generic tonal signal","Strong tonal components; periodic frequency/amplitude modulation","ALARM; VEHICLE","YES","YES","YES","INDIRECT","NONE","YES/PARTIAL","HIGH","Original labels must be verified for siren semantics","INVESTIGATE","Siren definition must remain distinct from generic alarm."
ALARM,7,"Alarm, buzzer, beep, or warning signal that does not meet the specific siren definition","Electronic alarm; buzzer; warning beep; equipment alarm","Emergency siren; speech; generic machinery","Tonal signals; repeated beeps; periodic patterns; narrowband components","SIREN; MACHINERY","YES","YES","PARTIAL","INDIRECT","NONE","YES/PARTIAL","MEDIUM","Need exact source-label verification","INVESTIGATE","Do not map every warning signal to SIREN."
CROWD,8,"Collective human acoustic ambience produced by multiple people rather than clearly identifiable individual speech","Crowd ambience; stadium crowd; group chatter; public gathering","Clearly identifiable individual speech; isolated voice","Multiple overlapping voices; broadband vocal activity; time-varying energy","SPEECH; MIXED","YES/PARTIAL","PARTIAL","PARTIAL","POSSIBLE","INDIRECT","YES/PARTIAL","MEDIUM","Crowd labels may not correspond directly to project definition","INVESTIGATE","May be difficult to distinguish from mixed speech/background."
IMPACT/IMPULSIVE,9,"Short-duration acoustic event characterized by rapid onset and transient energy","Impact; bang; sudden mechanical strike; sharp transient","Continuous machinery; continuous rain; sirens; alarms","Fast onset; short duration; high peak amplitude; broadband transient energy","MACHINERY; RAIN","YES","PARTIAL","PARTIAL","INDIRECT","INDIRECT","YES/PARTIAL","MEDIUM","Need operational definition for impulsiveness","INVESTIGATE","Physical source is less important than temporal structure."
SPEECH,10,"Human vocal speech intended as spoken communication","Single-speaker speech; spoken commands; conversation; radio communication","Crowd ambience; non-speech vocal sounds; music","Harmonic vocal structure; formants; time-varying spectral envelope","CROWD; MIXED","YES","PARTIAL","PARTIAL","POSSIBLE","YES","YES","HIGH","Speech preservation is a major deployment requirement","INVESTIGATE","Should also be used for speech-preservation testing."
MIXED,11,"Audio containing multiple simultaneous acoustic sources where single-label assignment loses meaningful information","Speech+engine; speech+rotor; vehicle+wind; crowd+machinery","Clean single-source recordings","Depends on source combination","ALL CONVENTIONAL CLASSES","MULTI-LABEL","LIMITED","LIMITED","BACKGROUND","MIXTURE SUPPORT","MULTI-LABEL","HIGH","Needs multi-label policy and architecture decision","SPECIAL-MECHANISM","Do not automatically treat as a conventional single-label class."
UNKNOWN,12,"Audio that does not confidently match supported classes or falls outside validated training distribution","Unseen source; OOD audio; ambiguous audio; low-confidence input","Known classes with sufficient confidence","No fixed acoustic signature","ALL CLASSES","REJECTION/OOD","REJECTION/OOD","REJECTION/OOD","REJECTION/OOD","REJECTION/OOD","REJECTION/OOD","HIGH","Requires threshold/calibration/OOD methodology","SPECIAL-MECHANISM","Prefer rejection mechanism over miscellaneous training bucket."