source_dataset,source_recording_id,original_filename,audio_path,original_category,target_class,original_fold,take,split,processed_audio_path,preprocessing_version
ESC-50,50455,1-50455-A-44.wav,raw/ESC-50/audio/1-50455-A-44.wav,engine,ENGINE,1,A,test,dataset/test/ENGINE/ESC50_50455_1-50455-A-44_ENGINE.wav,P2-v0.1
ESC-50,78651,2-78651-A-44.wav,raw/ESC-50/audio/2-78651-A-44.wav,engine,ENGINE,2,A,test,dataset/test/ENGINE/ESC50_78651_2-78651-A-44_ENGINE.wav,P2-v0.1
ESC-50,115382,3-115382-A-44.wav,raw/ESC-50/audio/3-115382-A-44.wav,engine,ENGINE,3,A,test,dataset/test/ENGINE/ESC50_115382_3-115382-A-44_ENGINE.wav,P2-v0.1
ESC-50,154758,3-154758-A-44.wav,raw/ESC-50/audio/3-154758-A-44.wav,engine,ENGINE,3,A,test,dataset/test/ENGINE/ESC50_154758_3-154758-A-44_ENGINE.wav,P2-v0.1
ESC-50,240671,5-240671-A-44.wav,raw/ESC-50/audio/5-240671-A-44.wav,engine,ENGINE,5,A,test,dataset/test/ENGINE/ESC50_240671_5-240671-A-44_ENGINE.wav,P2-v0.1
ESC-50,26222,1-26222-A-10.wav,raw/ESC-50/audio/1-26222-A-10.wav,rain,RAIN,1,A,test,dataset/test/RAIN/ESC50_26222_1-26222-A-10_RAIN.wav,P2-v0.1
ESC-50,81731,2-81731-A-10.wav,raw/ESC-50/audio/2-81731-A-10.wav,rain,RAIN,2,A,test,dataset/test/RAIN/ESC50_81731_2-81731-A-10_RAIN.wav,P2-v0.1
ESC-50,87781,2-87781-A-10.wav,raw/ESC-50/audio/2-87781-A-10.wav,rain,RAIN,2,A,test,dataset/test/RAIN/ESC50_87781_2-87781-A-10_RAIN.wav,P2-v0.1
ESC-50,164206,4-164206-A-10.wav,raw/ESC-50/audio/4-164206-A-10.wav,rain,RAIN,4,A,test,dataset/test/RAIN/ESC50_164206_4-164206-A-10_RAIN.wav,P2-v0.1
ESC-50,181286,4-181286-A-10.wav,raw/ESC-50/audio/4-181286-A-10.wav,rain,RAIN,4,A,test,dataset/test/RAIN/ESC50_181286_4-181286-A-10_RAIN.wav,P2-v0.1
ESC-50,202898,5-202898-A-10.wav,raw/ESC-50/audio/5-202898-A-10.wav,rain,RAIN,5,A,test,dataset/test/RAIN/ESC50_202898_5-202898-A-10_RAIN.wav,P2-v0.1
ESC-50,54084,1-54084-A-42.wav,raw/ESC-50/audio/1-54084-A-42.wav,siren,SIREN,1,A,test,dataset/test/SIREN/ESC50_54084_1-54084-A-42_SIREN.wav,P2-v0.1
ESC-50,72688,2-72688-A-42.wav,raw/ESC-50/audio/2-72688-A-42.wav,siren,SIREN,2,A,test,dataset/test/SIREN/ESC50_72688_2-72688-A-42_SIREN.wav,P2-v0.1
ESC-50,76831,1-76831-A-42.wav,raw/ESC-50/audio/1-76831-A-42.wav,siren,SIREN,1,A,test,dataset/test/SIREN/ESC50_76831_1-76831-A-42_SIREN.wav,P2-v0.1
ESC-50,76831,1-76831-B-42.wav,raw/ESC-50/audio/1-76831-B-42.wav,siren,SIREN,1,B,test,dataset/test/SIREN/ESC50_76831_1-76831-B-42_SIREN.wav,P2-v0.1
ESC-50,76831,1-76831-C-42.wav,raw/ESC-50/audio/1-76831-C-42.wav,siren,SIREN,1,C,test,dataset/test/SIREN/ESC50_76831_1-76831-C-42_SIREN.wav,P2-v0.1
ESC-50,76831,1-76831-D-42.wav,raw/ESC-50/audio/1-76831-D-42.wav,siren,SIREN,1,D,test,dataset/test/SIREN/ESC50_76831_1-76831-D-42_SIREN.wav,P2-v0.1
ESC-50,76831,1-76831-E-42.wav,raw/ESC-50/audio/1-76831-E-42.wav,siren,SIREN,1,E,test,dataset/test/SIREN/ESC50_76831_1-76831-E-42_SIREN.wav,P2-v0.1
ESC-50,121532,4-121532-A-42.wav,raw/ESC-50/audio/4-121532-A-42.wav,siren,SIREN,4,A,test,dataset/test/SIREN/ESC50_121532_4-121532-A-42_SIREN.wav,P2-v0.1
ESC-50,51035,1-51035-A-16.wav,raw/ESC-50/audio/1-51035-A-16.wav,wind,WIND,1,A,test,dataset/test/WIND/ESC50_51035_1-51035-A-16_WIND.wav,P2-v0.1
ESC-50,51037,1-51037-A-16.wav,raw/ESC-50/audio/1-51037-A-16.wav,wind,WIND,1,A,test,dataset/test/WIND/ESC50_51037_1-51037-A-16_WIND.wav,P2-v0.1
ESC-50,136608,3-136608-A-16.wav,raw/ESC-50/audio/3-136608-A-16.wav,wind,WIND,3,A,test,dataset/test/WIND/ESC50_136608_3-136608-A-16_WIND.wav,P2-v0.1
ESC-50,205966,2-205966-A-16.wav,raw/ESC-50/audio/2-205966-A-16.wav,wind,WIND,2,A,test,dataset/test/WIND/ESC50_205966_2-205966-A-16_WIND.wav,P2-v0.1
ESC-50,18527,1-18527-A-44.wav,raw/ESC-50/audio/1-18527-A-44.wav,engine,ENGINE,1,A,train,dataset/train/ENGINE/ESC50_18527_1-18527-A-44_ENGINE.wav,P2-v0.1
ESC-50,18527,1-18527-B-44.wav,raw/ESC-50/audio/1-18527-B-44.wav,engine,ENGINE,1,B,train,dataset/train/ENGINE/ESC50_18527_1-18527-B-44_ENGINE.wav,P2-v0.1
ESC-50,22882,1-22882-A-44.wav,raw/ESC-50/audio/1-22882-A-44.wav,engine,ENGINE,1,A,train,dataset/train/ENGINE/ESC50_22882_1-22882-A-44_ENGINE.wav,P2-v0.1
ESC-50,50661,1-50661-A-44.wav,raw/ESC-50/audio/1-50661-A-44.wav,engine,ENGINE,1,A,train,dataset/train/ENGINE/ESC50_50661_1-50661-A-44_ENGINE.wav,P2-v0.1
ESC-50,61261,1-61261-A-44.wav,raw/ESC-50/audio/1-61261-A-44.wav,engine,ENGINE,1,A,train,dataset/train/ENGINE/ESC50_61261_1-61261-A-44_ENGINE.wav,P2-v0.1
ESC-50,62565,1-62565-A-44.wav,raw/ESC-50/audio/1-62565-A-44.wav,engine,ENGINE,1,A,train,dataset/train/ENGINE/ESC50_62565_1-62565-A-44_ENGINE.wav,P2-v0.1
ESC-50,106014,2-106014-A-44.wav,raw/ESC-50/audio/2-106014-A-44.wav,engine,ENGINE,2,A,train,dataset/train/ENGINE/ESC50_106014_2-106014-A-44_ENGINE.wav,P2-v0.1
ESC-50,106015,2-106015-A-44.wav,raw/ESC-50/audio/2-106015-A-44.wav,engine,ENGINE,2,A,train,dataset/train/ENGINE/ESC50_106015_2-106015-A-44_ENGINE.wav,P2-v0.1
ESC-50,106015,2-106015-B-44.wav,raw/ESC-50/audio/2-106015-B-44.wav,engine,ENGINE,2,B,train,dataset/train/ENGINE/ESC50_106015_2-106015-B-44_ENGINE.wav,P2-v0.1
ESC-50,106486,2-106486-A-44.wav,raw/ESC-50/audio/2-106486-A-44.wav,engine,ENGINE,2,A,train,dataset/train/ENGINE/ESC50_106486_2-106486-A-44_ENGINE.wav,P2-v0.1
ESC-50,106487,2-106487-A-44.wav,raw/ESC-50/audio/2-106487-A-44.wav,engine,ENGINE,2,A,train,dataset/train/ENGINE/ESC50_106487_2-106487-A-44_ENGINE.wav,P2-v0.1
ESC-50,107228,2-107228-A-44.wav,raw/ESC-50/audio/2-107228-A-44.wav,engine,ENGINE,2,A,train,dataset/train/ENGINE/ESC50_107228_2-107228-A-44_ENGINE.wav,P2-v0.1
ESC-50,107228,2-107228-B-44.wav,raw/ESC-50/audio/2-107228-B-44.wav,engine,ENGINE,2,B,train,dataset/train/ENGINE/ESC50_107228_2-107228-B-44_ENGINE.wav,P2-v0.1
ESC-50,119455,3-119455-A-44.wav,raw/ESC-50/audio/3-119455-A-44.wav,engine,ENGINE,3,A,train,dataset/train/ENGINE/ESC50_119455_3-119455-A-44_ENGINE.wav,P2-v0.1
ESC-50,141240,3-141240-A-44.wav,raw/ESC-50/audio/3-141240-A-44.wav,engine,ENGINE,3,A,train,dataset/train/ENGINE/ESC50_141240_3-141240-A-44_ENGINE.wav,P2-v0.1
ESC-50,141240,3-141240-B-44.wav,raw/ESC-50/audio/3-141240-B-44.wav,engine,ENGINE,3,B,train,dataset/train/ENGINE/ESC50_141240_3-141240-B-44_ENGINE.wav,P2-v0.1
ESC-50,146186,3-146186-A-44.wav,raw/ESC-50/audio/3-146186-A-44.wav,engine,ENGINE,3,A,train,dataset/train/ENGINE/ESC50_146186_3-146186-A-44_ENGINE.wav,P2-v0.1
ESC-50,171652,4-171652-A-44.wav,raw/ESC-50/audio/4-171652-A-44.wav,engine,ENGINE,4,A,train,dataset/train/ENGINE/ESC50_171652_4-171652-A-44_ENGINE.wav,P2-v0.1
ESC-50,186935,4-186935-A-44.wav,raw/ESC-50/audio/4-186935-A-44.wav,engine,ENGINE,4,A,train,dataset/train/ENGINE/ESC50_186935_4-186935-A-44_ENGINE.wav,P2-v0.1
ESC-50,186936,4-186936-A-44.wav,raw/ESC-50/audio/4-186936-A-44.wav,engine,ENGINE,4,A,train,dataset/train/ENGINE/ESC50_186936_4-186936-A-44_ENGINE.wav,P2-v0.1
ESC-50,186938,4-186938-A-44.wav,raw/ESC-50/audio/4-186938-A-44.wav,engine,ENGINE,4,A,train,dataset/train/ENGINE/ESC50_186938_4-186938-A-44_ENGINE.wav,P2-v0.1
ESC-50,186940,4-186940-A-44.wav,raw/ESC-50/audio/4-186940-A-44.wav,engine,ENGINE,4,A,train,dataset/train/ENGINE/ESC50_186940_4-186940-A-44_ENGINE.wav,P2-v0.1
ESC-50,186962,4-186962-A-44.wav,raw/ESC-50/audio/4-186962-A-44.wav,engine,ENGINE,4,A,train,dataset/train/ENGINE/ESC50_186962_4-186962-A-44_ENGINE.wav,P2-v0.1
ESC-50,232272,5-232272-A-44.wav,raw/ESC-50/audio/5-232272-A-44.wav,engine,ENGINE,5,A,train,dataset/train/ENGINE/ESC50_232272_5-232272-A-44_ENGINE.wav,P2-v0.1
ESC-50,235507,5-235507-A-44.wav,raw/ESC-50/audio/5-235507-A-44.wav,engine,ENGINE,5,A,train,dataset/train/ENGINE/ESC50_235507_5-235507-A-44_ENGINE.wav,P2-v0.1
ESC-50,243773,5-243773-A-44.wav,raw/ESC-50/audio/5-243773-A-44.wav,engine,ENGINE,5,A,train,dataset/train/ENGINE/ESC50_243773_5-243773-A-44_ENGINE.wav,P2-v0.1
ESC-50,243773,5-243773-B-44.wav,raw/ESC-50/audio/5-243773-B-44.wav,engine,ENGINE,5,B,train,dataset/train/ENGINE/ESC50_243773_5-243773-B-44_ENGINE.wav,P2-v0.1
ESC-50,243783,5-243783-A-44.wav,raw/ESC-50/audio/5-243783-A-44.wav,engine,ENGINE,5,A,train,dataset/train/ENGINE/ESC50_243783_5-243783-A-44_ENGINE.wav,P2-v0.1
ESC-50,259622,3-259622-A-44.wav,raw/ESC-50/audio/3-259622-A-44.wav,engine,ENGINE,3,A,train,dataset/train/ENGINE/ESC50_259622_3-259622-A-44_ENGINE.wav,P2-v0.1
ESC-50,17367,1-17367-A-10.wav,raw/ESC-50/audio/1-17367-A-10.wav,rain,RAIN,1,A,train,dataset/train/RAIN/ESC50_17367_1-17367-A-10_RAIN.wav,P2-v0.1
ESC-50,21189,1-21189-A-10.wav,raw/ESC-50/audio/1-21189-A-10.wav,rain,RAIN,1,A,train,dataset/train/RAIN/ESC50_21189_1-21189-A-10_RAIN.wav,P2-v0.1
ESC-50,54958,1-54958-A-10.wav,raw/ESC-50/audio/1-54958-A-10.wav,rain,RAIN,1,A,train,dataset/train/RAIN/ESC50_54958_1-54958-A-10_RAIN.wav,P2-v0.1
ESC-50,56311,1-56311-A-10.wav,raw/ESC-50/audio/1-56311-A-10.wav,rain,RAIN,1,A,train,dataset/train/RAIN/ESC50_56311_1-56311-A-10_RAIN.wav,P2-v0.1
ESC-50,72970,2-72970-A-10.wav,raw/ESC-50/audio/2-72970-A-10.wav,rain,RAIN,2,A,train,dataset/train/RAIN/ESC50_72970_2-72970-A-10_RAIN.wav,P2-v0.1
ESC-50,73027,2-73027-A-10.wav,raw/ESC-50/audio/2-73027-A-10.wav,rain,RAIN,2,A,train,dataset/train/RAIN/ESC50_73027_2-73027-A-10_RAIN.wav,P2-v0.1
ESC-50,73260,2-73260-A-10.wav,raw/ESC-50/audio/2-73260-A-10.wav,rain,RAIN,2,A,train,dataset/train/RAIN/ESC50_73260_2-73260-A-10_RAIN.wav,P2-v0.1
ESC-50,82367,2-82367-A-10.wav,raw/ESC-50/audio/2-82367-A-10.wav,rain,RAIN,2,A,train,dataset/train/RAIN/ESC50_82367_2-82367-A-10_RAIN.wav,P2-v0.1
ESC-50,117625,2-117625-A-10.wav,raw/ESC-50/audio/2-117625-A-10.wav,rain,RAIN,2,A,train,dataset/train/RAIN/ESC50_117625_2-117625-A-10_RAIN.wav,P2-v0.1
ESC-50,132852,3-132852-A-10.wav,raw/ESC-50/audio/3-132852-A-10.wav,rain,RAIN,3,A,train,dataset/train/RAIN/ESC50_132852_3-132852-A-10_RAIN.wav,P2-v0.1
ESC-50,140774,3-140774-A-10.wav,raw/ESC-50/audio/3-140774-A-10.wav,rain,RAIN,3,A,train,dataset/train/RAIN/ESC50_140774_3-140774-A-10_RAIN.wav,P2-v0.1
ESC-50,142005,3-142005-A-10.wav,raw/ESC-50/audio/3-142005-A-10.wav,rain,RAIN,3,A,train,dataset/train/RAIN/ESC50_142005_3-142005-A-10_RAIN.wav,P2-v0.1
ESC-50,142006,3-142006-A-10.wav,raw/ESC-50/audio/3-142006-A-10.wav,rain,RAIN,3,A,train,dataset/train/RAIN/ESC50_142006_3-142006-A-10_RAIN.wav,P2-v0.1
ESC-50,157149,3-157149-A-10.wav,raw/ESC-50/audio/3-157149-A-10.wav,rain,RAIN,3,A,train,dataset/train/RAIN/ESC50_157149_3-157149-A-10_RAIN.wav,P2-v0.1
ESC-50,157487,3-157487-A-10.wav,raw/ESC-50/audio/3-157487-A-10.wav,rain,RAIN,3,A,train,dataset/train/RAIN/ESC50_157487_3-157487-A-10_RAIN.wav,P2-v0.1
ESC-50,157615,3-157615-A-10.wav,raw/ESC-50/audio/3-157615-A-10.wav,rain,RAIN,3,A,train,dataset/train/RAIN/ESC50_157615_3-157615-A-10_RAIN.wav,P2-v0.1
ESC-50,160999,4-160999-A-10.wav,raw/ESC-50/audio/4-160999-A-10.wav,rain,RAIN,4,A,train,dataset/train/RAIN/ESC50_160999_4-160999-A-10_RAIN.wav,P2-v0.1
ESC-50,161127,4-161127-A-10.wav,raw/ESC-50/audio/4-161127-A-10.wav,rain,RAIN,4,A,train,dataset/train/RAIN/ESC50_161127_4-161127-A-10_RAIN.wav,P2-v0.1
ESC-50,163264,4-163264-A-10.wav,raw/ESC-50/audio/4-163264-A-10.wav,rain,RAIN,4,A,train,dataset/train/RAIN/ESC50_163264_4-163264-A-10_RAIN.wav,P2-v0.1
ESC-50,166661,4-166661-A-10.wav,raw/ESC-50/audio/4-166661-A-10.wav,rain,RAIN,4,A,train,dataset/train/RAIN/ESC50_166661_4-166661-A-10_RAIN.wav,P2-v0.1
ESC-50,177250,4-177250-A-10.wav,raw/ESC-50/audio/4-177250-A-10.wav,rain,RAIN,4,A,train,dataset/train/RAIN/ESC50_177250_4-177250-A-10_RAIN.wav,P2-v0.1
ESC-50,180380,4-180380-A-10.wav,raw/ESC-50/audio/4-180380-A-10.wav,rain,RAIN,4,A,train,dataset/train/RAIN/ESC50_180380_4-180380-A-10_RAIN.wav,P2-v0.1
ESC-50,181766,5-181766-A-10.wav,raw/ESC-50/audio/5-181766-A-10.wav,rain,RAIN,5,A,train,dataset/train/RAIN/ESC50_181766_5-181766-A-10_RAIN.wav,P2-v0.1
ESC-50,188655,5-188655-A-10.wav,raw/ESC-50/audio/5-188655-A-10.wav,rain,RAIN,5,A,train,dataset/train/RAIN/ESC50_188655_5-188655-A-10_RAIN.wav,P2-v0.1
ESC-50,193339,5-193339-A-10.wav,raw/ESC-50/audio/5-193339-A-10.wav,rain,RAIN,5,A,train,dataset/train/RAIN/ESC50_193339_5-193339-A-10_RAIN.wav,P2-v0.1
ESC-50,195710,5-195710-A-10.wav,raw/ESC-50/audio/5-195710-A-10.wav,rain,RAIN,5,A,train,dataset/train/RAIN/ESC50_195710_5-195710-A-10_RAIN.wav,P2-v0.1
ESC-50,198321,5-198321-A-10.wav,raw/ESC-50/audio/5-198321-A-10.wav,rain,RAIN,5,A,train,dataset/train/RAIN/ESC50_198321_5-198321-A-10_RAIN.wav,P2-v0.1
ESC-50,203739,5-203739-A-10.wav,raw/ESC-50/audio/5-203739-A-10.wav,rain,RAIN,5,A,train,dataset/train/RAIN/ESC50_203739_5-203739-A-10_RAIN.wav,P2-v0.1
ESC-50,31482,1-31482-A-42.wav,raw/ESC-50/audio/1-31482-A-42.wav,siren,SIREN,1,A,train,dataset/train/SIREN/ESC50_31482_1-31482-A-42_SIREN.wav,P2-v0.1
ESC-50,31482,1-31482-B-42.wav,raw/ESC-50/audio/1-31482-B-42.wav,siren,SIREN,1,B,train,dataset/train/SIREN/ESC50_31482_1-31482-B-42_SIREN.wav,P2-v0.1
ESC-50,43806,2-43806-A-42.wav,raw/ESC-50/audio/2-43806-A-42.wav,siren,SIREN,2,A,train,dataset/train/SIREN/ESC50_43806_2-43806-A-42_SIREN.wav,P2-v0.1
ESC-50,51376,3-51376-A-42.wav,raw/ESC-50/audio/3-51376-A-42.wav,siren,SIREN,3,A,train,dataset/train/SIREN/ESC50_51376_3-51376-A-42_SIREN.wav,P2-v0.1
ESC-50,51731,3-51731-A-42.wav,raw/ESC-50/audio/3-51731-A-42.wav,siren,SIREN,3,A,train,dataset/train/SIREN/ESC50_51731_3-51731-A-42_SIREN.wav,P2-v0.1
ESC-50,51731,3-51731-B-42.wav,raw/ESC-50/audio/3-51731-B-42.wav,siren,SIREN,3,B,train,dataset/train/SIREN/ESC50_51731_3-51731-B-42_SIREN.wav,P2-v0.1
ESC-50,51909,3-51909-A-42.wav,raw/ESC-50/audio/3-51909-A-42.wav,siren,SIREN,3,A,train,dataset/train/SIREN/ESC50_51909_3-51909-A-42_SIREN.wav,P2-v0.1
ESC-50,51909,3-51909-B-42.wav,raw/ESC-50/audio/3-51909-B-42.wav,siren,SIREN,3,B,train,dataset/train/SIREN/ESC50_51909_3-51909-B-42_SIREN.wav,P2-v0.1
ESC-50,58772,3-58772-A-42.wav,raw/ESC-50/audio/3-58772-A-42.wav,siren,SIREN,3,A,train,dataset/train/SIREN/ESC50_58772_3-58772-A-42_SIREN.wav,P2-v0.1
ESC-50,62878,3-62878-A-42.wav,raw/ESC-50/audio/3-62878-A-42.wav,siren,SIREN,3,A,train,dataset/train/SIREN/ESC50_62878_3-62878-A-42_SIREN.wav,P2-v0.1
ESC-50,62878,3-62878-B-42.wav,raw/ESC-50/audio/3-62878-B-42.wav,siren,SIREN,3,B,train,dataset/train/SIREN/ESC50_62878_3-62878-B-42_SIREN.wav,P2-v0.1
ESC-50,67358,4-67358-A-42.wav,raw/ESC-50/audio/4-67358-A-42.wav,siren,SIREN,4,A,train,dataset/train/SIREN/ESC50_67358_4-67358-A-42_SIREN.wav,P2-v0.1
ESC-50,70936,2-70936-A-42.wav,raw/ESC-50/audio/2-70936-A-42.wav,siren,SIREN,2,A,train,dataset/train/SIREN/ESC50_70936_2-70936-A-42_SIREN.wav,P2-v0.1
ESC-50,70939,2-70939-A-42.wav,raw/ESC-50/audio/2-70939-A-42.wav,siren,SIREN,2,A,train,dataset/train/SIREN/ESC50_70939_2-70939-A-42_SIREN.wav,P2-v0.1
ESC-50,80761,4-80761-A-42.wav,raw/ESC-50/audio/4-80761-A-42.wav,siren,SIREN,4,A,train,dataset/train/SIREN/ESC50_80761_4-80761-A-42_SIREN.wav,P2-v0.1
ESC-50,90014,4-90014-A-42.wav,raw/ESC-50/audio/4-90014-A-42.wav,siren,SIREN,4,A,train,dataset/train/SIREN/ESC50_90014_4-90014-A-42_SIREN.wav,P2-v0.1
ESC-50,90014,4-90014-B-42.wav,raw/ESC-50/audio/4-90014-B-42.wav,siren,SIREN,4,B,train,dataset/train/SIREN/ESC50_90014_4-90014-B-42_SIREN.wav,P2-v0.1
ESC-50,111671,4-111671-A-42.wav,raw/ESC-50/audio/4-111671-A-42.wav,siren,SIREN,4,A,train,dataset/train/SIREN/ESC50_111671_4-111671-A-42_SIREN.wav,P2-v0.1
ESC-50,111671,4-111671-B-42.wav,raw/ESC-50/audio/4-111671-B-42.wav,siren,SIREN,4,B,train,dataset/train/SIREN/ESC50_111671_4-111671-B-42_SIREN.wav,P2-v0.1
ESC-50,117118,5-117118-A-42.wav,raw/ESC-50/audio/5-117118-A-42.wav,siren,SIREN,5,A,train,dataset/train/SIREN/ESC50_117118_5-117118-A-42_SIREN.wav,P2-v0.1
ESC-50,117120,5-117120-A-42.wav,raw/ESC-50/audio/5-117120-A-42.wav,siren,SIREN,5,A,train,dataset/train/SIREN/ESC50_117120_5-117120-A-42_SIREN.wav,P2-v0.1
ESC-50,117122,5-117122-A-42.wav,raw/ESC-50/audio/5-117122-A-42.wav,siren,SIREN,5,A,train,dataset/train/SIREN/ESC50_117122_5-117122-A-42_SIREN.wav,P2-v0.1
ESC-50,133989,5-133989-A-42.wav,raw/ESC-50/audio/5-133989-A-42.wav,siren,SIREN,5,A,train,dataset/train/SIREN/ESC50_133989_5-133989-A-42_SIREN.wav,P2-v0.1
ESC-50,133989,5-133989-B-42.wav,raw/ESC-50/audio/5-133989-B-42.wav,siren,SIREN,5,B,train,dataset/train/SIREN/ESC50_133989_5-133989-B-42_SIREN.wav,P2-v0.1
ESC-50,150409,5-150409-A-42.wav,raw/ESC-50/audio/5-150409-A-42.wav,siren,SIREN,5,A,train,dataset/train/SIREN/ESC50_150409_5-150409-A-42_SIREN.wav,P2-v0.1
ESC-50,160551,5-160551-A-42.wav,raw/ESC-50/audio/5-160551-A-42.wav,siren,SIREN,5,A,train,dataset/train/SIREN/ESC50_160551_5-160551-A-42_SIREN.wav,P2-v0.1
ESC-50,184323,5-184323-A-42.wav,raw/ESC-50/audio/5-184323-A-42.wav,siren,SIREN,5,A,train,dataset/train/SIREN/ESC50_184323_5-184323-A-42_SIREN.wav,P2-v0.1
ESC-50,47709,1-47709-A-16.wav,raw/ESC-50/audio/1-47709-A-16.wav,wind,WIND,1,A,train,dataset/train/WIND/ESC50_47709_1-47709-A-16_WIND.wav,P2-v0.1
ESC-50,51036,1-51036-A-16.wav,raw/ESC-50/audio/1-51036-A-16.wav,wind,WIND,1,A,train,dataset/train/WIND/ESC50_51036_1-51036-A-16_WIND.wav,P2-v0.1
ESC-50,69760,1-69760-A-16.wav,raw/ESC-50/audio/1-69760-A-16.wav,wind,WIND,1,A,train,dataset/train/WIND/ESC50_69760_1-69760-A-16_WIND.wav,P2-v0.1
ESC-50,104952,2-104952-A-16.wav,raw/ESC-50/audio/2-104952-A-16.wav,wind,WIND,2,A,train,dataset/train/WIND/ESC50_104952_2-104952-A-16_WIND.wav,P2-v0.1
ESC-50,104952,2-104952-B-16.wav,raw/ESC-50/audio/2-104952-B-16.wav,wind,WIND,2,B,train,dataset/train/WIND/ESC50_104952_2-104952-B-16_WIND.wav,P2-v0.1
ESC-50,109371,2-109371-A-16.wav,raw/ESC-50/audio/2-109371-A-16.wav,wind,WIND,2,A,train,dataset/train/WIND/ESC50_109371_2-109371-A-16_WIND.wav,P2-v0.1
ESC-50,109371,2-109371-B-16.wav,raw/ESC-50/audio/2-109371-B-16.wav,wind,WIND,2,B,train,dataset/train/WIND/ESC50_109371_2-109371-B-16_WIND.wav,P2-v0.1
ESC-50,109371,2-109371-C-16.wav,raw/ESC-50/audio/2-109371-C-16.wav,wind,WIND,2,C,train,dataset/train/WIND/ESC50_109371_2-109371-C-16_WIND.wav,P2-v0.1
ESC-50,109371,2-109371-D-16.wav,raw/ESC-50/audio/2-109371-D-16.wav,wind,WIND,2,D,train,dataset/train/WIND/ESC50_109371_2-109371-D-16_WIND.wav,P2-v0.1
ESC-50,109374,2-109374-A-16.wav,raw/ESC-50/audio/2-109374-A-16.wav,wind,WIND,2,A,train,dataset/train/WIND/ESC50_109374_2-109374-A-16_WIND.wav,P2-v0.1
ESC-50,117504,3-117504-A-16.wav,raw/ESC-50/audio/3-117504-A-16.wav,wind,WIND,3,A,train,dataset/train/WIND/ESC50_117504_3-117504-A-16_WIND.wav,P2-v0.1
ESC-50,117504,3-117504-B-16.wav,raw/ESC-50/audio/3-117504-B-16.wav,wind,WIND,3,B,train,dataset/train/WIND/ESC50_117504_3-117504-B-16_WIND.wav,P2-v0.1
ESC-50,134699,3-134699-A-16.wav,raw/ESC-50/audio/3-134699-A-16.wav,wind,WIND,3,A,train,dataset/train/WIND/ESC50_134699_3-134699-A-16_WIND.wav,P2-v0.1
ESC-50,134699,3-134699-B-16.wav,raw/ESC-50/audio/3-134699-B-16.wav,wind,WIND,3,B,train,dataset/train/WIND/ESC50_134699_3-134699-B-16_WIND.wav,P2-v0.1
ESC-50,134699,3-134699-C-16.wav,raw/ESC-50/audio/3-134699-C-16.wav,wind,WIND,3,C,train,dataset/train/WIND/ESC50_134699_3-134699-C-16_WIND.wav,P2-v0.1
ESC-50,137296,1-137296-A-16.wav,raw/ESC-50/audio/1-137296-A-16.wav,wind,WIND,1,A,train,dataset/train/WIND/ESC50_137296_1-137296-A-16_WIND.wav,P2-v0.1
ESC-50,144085,4-144085-A-16.wav,raw/ESC-50/audio/4-144085-A-16.wav,wind,WIND,4,A,train,dataset/train/WIND/ESC50_144085_4-144085-A-16_WIND.wav,P2-v0.1
ESC-50,157204,5-157204-A-16.wav,raw/ESC-50/audio/5-157204-A-16.wav,wind,WIND,5,A,train,dataset/train/WIND/ESC50_157204_5-157204-A-16_WIND.wav,P2-v0.1
ESC-50,157204,5-157204-B-16.wav,raw/ESC-50/audio/5-157204-B-16.wav,wind,WIND,5,B,train,dataset/train/WIND/ESC50_157204_5-157204-B-16_WIND.wav,P2-v0.1
ESC-50,163606,4-163606-A-16.wav,raw/ESC-50/audio/4-163606-A-16.wav,wind,WIND,4,A,train,dataset/train/WIND/ESC50_163606_4-163606-A-16_WIND.wav,P2-v0.1
ESC-50,163608,4-163608-B-16.wav,raw/ESC-50/audio/4-163608-B-16.wav,wind,WIND,4,B,train,dataset/train/WIND/ESC50_163608_4-163608-B-16_WIND.wav,P2-v0.1
ESC-50,163609,4-163609-A-16.wav,raw/ESC-50/audio/4-163609-A-16.wav,wind,WIND,4,A,train,dataset/train/WIND/ESC50_163609_4-163609-A-16_WIND.wav,P2-v0.1
ESC-50,163609,4-163609-B-16.wav,raw/ESC-50/audio/4-163609-B-16.wav,wind,WIND,4,B,train,dataset/train/WIND/ESC50_163609_4-163609-B-16_WIND.wav,P2-v0.1
ESC-50,179496,5-179496-A-16.wav,raw/ESC-50/audio/5-179496-A-16.wav,wind,WIND,5,A,train,dataset/train/WIND/ESC50_179496_5-179496-A-16_WIND.wav,P2-v0.1
ESC-50,179496,5-179496-B-16.wav,raw/ESC-50/audio/5-179496-B-16.wav,wind,WIND,5,B,train,dataset/train/WIND/ESC50_179496_5-179496-B-16_WIND.wav,P2-v0.1
ESC-50,217186,5-217186-A-16.wav,raw/ESC-50/audio/5-217186-A-16.wav,wind,WIND,5,A,train,dataset/train/WIND/ESC50_217186_5-217186-A-16_WIND.wav,P2-v0.1
ESC-50,217186,5-217186-B-16.wav,raw/ESC-50/audio/5-217186-B-16.wav,wind,WIND,5,B,train,dataset/train/WIND/ESC50_217186_5-217186-B-16_WIND.wav,P2-v0.1
ESC-50,217186,5-217186-C-16.wav,raw/ESC-50/audio/5-217186-C-16.wav,wind,WIND,5,C,train,dataset/train/WIND/ESC50_217186_5-217186-C-16_WIND.wav,P2-v0.1
ESC-50,246513,3-246513-A-16.wav,raw/ESC-50/audio/3-246513-A-16.wav,wind,WIND,3,A,train,dataset/train/WIND/ESC50_246513_3-246513-A-16_WIND.wav,P2-v0.1
ESC-50,246513,3-246513-B-16.wav,raw/ESC-50/audio/3-246513-B-16.wav,wind,WIND,3,B,train,dataset/train/WIND/ESC50_246513_3-246513-B-16_WIND.wav,P2-v0.1
ESC-50,50454,1-50454-A-44.wav,raw/ESC-50/audio/1-50454-A-44.wav,engine,ENGINE,1,A,validation,dataset/validation/ENGINE/ESC50_50454_1-50454-A-44_ENGINE.wav,P2-v0.1
ESC-50,128160,3-128160-A-44.wav,raw/ESC-50/audio/3-128160-A-44.wav,engine,ENGINE,3,A,validation,dataset/validation/ENGINE/ESC50_128160_3-128160-A-44_ENGINE.wav,P2-v0.1
ESC-50,195451,4-195451-A-44.wav,raw/ESC-50/audio/4-195451-A-44.wav,engine,ENGINE,4,A,validation,dataset/validation/ENGINE/ESC50_195451_4-195451-A-44_ENGINE.wav,P2-v0.1
ESC-50,201988,4-201988-A-44.wav,raw/ESC-50/audio/4-201988-A-44.wav,engine,ENGINE,4,A,validation,dataset/validation/ENGINE/ESC50_201988_4-201988-A-44_ENGINE.wav,P2-v0.1
ESC-50,209992,5-209992-A-44.wav,raw/ESC-50/audio/5-209992-A-44.wav,engine,ENGINE,5,A,validation,dataset/validation/ENGINE/ESC50_209992_5-209992-A-44_ENGINE.wav,P2-v0.1
ESC-50,209992,5-209992-B-44.wav,raw/ESC-50/audio/5-209992-B-44.wav,engine,ENGINE,5,B,validation,dataset/validation/ENGINE/ESC50_209992_5-209992-B-44_ENGINE.wav,P2-v0.1
ESC-50,29561,1-29561-A-10.wav,raw/ESC-50/audio/1-29561-A-10.wav,rain,RAIN,1,A,validation,dataset/validation/RAIN/ESC50_29561_1-29561-A-10_RAIN.wav,P2-v0.1
ESC-50,50060,1-50060-A-10.wav,raw/ESC-50/audio/1-50060-A-10.wav,rain,RAIN,1,A,validation,dataset/validation/RAIN/ESC50_50060_1-50060-A-10_RAIN.wav,P2-v0.1
ESC-50,63871,1-63871-A-10.wav,raw/ESC-50/audio/1-63871-A-10.wav,rain,RAIN,1,A,validation,dataset/validation/RAIN/ESC50_63871_1-63871-A-10_RAIN.wav,P2-v0.1
ESC-50,101676,2-101676-A-10.wav,raw/ESC-50/audio/2-101676-A-10.wav,rain,RAIN,2,A,validation,dataset/validation/RAIN/ESC50_101676_2-101676-A-10_RAIN.wav,P2-v0.1
ESC-50,143929,3-143929-A-10.wav,raw/ESC-50/audio/3-143929-A-10.wav,rain,RAIN,3,A,validation,dataset/validation/RAIN/ESC50_143929_3-143929-A-10_RAIN.wav,P2-v0.1
ESC-50,194892,5-194892-A-10.wav,raw/ESC-50/audio/5-194892-A-10.wav,rain,RAIN,5,A,validation,dataset/validation/RAIN/ESC50_194892_5-194892-A-10_RAIN.wav,P2-v0.1
ESC-50,43802,2-43802-A-42.wav,raw/ESC-50/audio/2-43802-A-42.wav,siren,SIREN,2,A,validation,dataset/validation/SIREN/ESC50_43802_2-43802-A-42_SIREN.wav,P2-v0.1
ESC-50,70052,2-70052-A-42.wav,raw/ESC-50/audio/2-70052-A-42.wav,siren,SIREN,2,A,validation,dataset/validation/SIREN/ESC50_70052_2-70052-A-42_SIREN.wav,P2-v0.1
ESC-50,70052,2-70052-B-42.wav,raw/ESC-50/audio/2-70052-B-42.wav,siren,SIREN,2,B,validation,dataset/validation/SIREN/ESC50_70052_2-70052-B-42_SIREN.wav,P2-v0.1
ESC-50,70938,2-70938-A-42.wav,raw/ESC-50/audio/2-70938-A-42.wav,siren,SIREN,2,A,validation,dataset/validation/SIREN/ESC50_70938_2-70938-A-42_SIREN.wav,P2-v0.1
ESC-50,102871,4-102871-A-42.wav,raw/ESC-50/audio/4-102871-A-42.wav,siren,SIREN,4,A,validation,dataset/validation/SIREN/ESC50_102871_4-102871-A-42_SIREN.wav,P2-v0.1
ESC-50,29532,1-29532-A-16.wav,raw/ESC-50/audio/1-29532-A-16.wav,wind,WIND,1,A,validation,dataset/validation/WIND/ESC50_29532_1-29532-A-16_WIND.wav,P2-v0.1
ESC-50,47714,1-47714-A-16.wav,raw/ESC-50/audio/1-47714-A-16.wav,wind,WIND,1,A,validation,dataset/validation/WIND/ESC50_47714_1-47714-A-16_WIND.wav,P2-v0.1
ESC-50,117773,5-117773-A-16.wav,raw/ESC-50/audio/5-117773-A-16.wav,wind,WIND,5,A,validation,dataset/validation/WIND/ESC50_117773_5-117773-A-16_WIND.wav,P2-v0.1
ESC-50,144083,4-144083-A-16.wav,raw/ESC-50/audio/4-144083-A-16.wav,wind,WIND,4,A,validation,dataset/validation/WIND/ESC50_144083_4-144083-A-16_WIND.wav,P2-v0.1
ESC-50,144083,4-144083-B-16.wav,raw/ESC-50/audio/4-144083-B-16.wav,wind,WIND,4,B,validation,dataset/validation/WIND/ESC50_144083_4-144083-B-16_WIND.wav,P2-v0.1
ESC-50,144083,4-144083-C-16.wav,raw/ESC-50/audio/4-144083-C-16.wav,wind,WIND,4,C,validation,dataset/validation/WIND/ESC50_144083_4-144083-C-16_WIND.wav,P2-v0.1
