delay_ms,delay_samples,secondary_path_attenuation,input_rms,residual_rms,attenuation_db,finite_control,finite_residual,finite_weights
0.0,0,0.4,0.07563176102687377,0.07551568859242844,0.013340516910365604,True,True,True
0.0,0,0.65,0.07563176102687377,0.07536386837564396,0.030820606584263045,True,True,True
0.0,0,0.85,0.07563176102687377,0.07523411933508152,0.04578742178477939,True,True,True
1.0,16,0.4,0.07563176102687377,0.07552931064290695,0.011773836410905916,True,True,True
1.0,16,0.65,0.07563176102687377,0.07539328405911354,0.027431030973937856,True,True,True
1.0,16,0.85,0.07563176102687377,0.07527473624058886,0.041099405709028355,True,True,True
2.0,32,0.4,0.07563176102687377,0.0754503576098837,0.02085820388738245,True,True,True
2.0,32,0.65,0.07563176102687377,0.07520847093542112,0.04874907208076349,True,True,True
2.0,32,0.85,0.07563176102687377,0.07499650848783516,0.0732633545805943,True,True,True
5.0,80,0.4,0.07563176102687377,0.075453527674584,0.020493271836965078,True,True,True
5.0,80,0.65,0.07563176102687377,0.07520293654471791,0.04938826704195727,True,True,True
5.0,80,0.85,0.07563176102687377,0.07496881831996811,0.07647094596195815,True,True,True
10.0,160,0.4,0.07563176102687377,0.07563176102687377,0.0,True,True,True
10.0,160,0.65,0.07563176102687377,0.07563176102687377,0.0,True,True,True
10.0,160,0.85,0.07563176102687377,0.07563176102687377,0.0,True,True,True
