Filter Length,Step Size,Algorithm,Processing Time (s),Noise Reduction (dB)
16,0.0001,LMS,0.1578210999869043,1.220888763888142
16,0.0001,NLMS,0.23336230000131764,1.128413440568068
16,0.0005,LMS,0.1572470999963116,1.2932622553325948
16,0.0005,NLMS,0.22897399999783374,1.2763435498499982
16,0.001,LMS,0.15489409999281634,1.2985176812460746
16,0.001,NLMS,0.22094869999273214,1.293262506410711
16,0.005,LMS,0.15574060000653844,1.2722204357099522
16,0.005,NLMS,0.2228412000113167,1.2914121815691848
16,0.01,LMS,0.1540852000034647,1.2321805299105548
16,0.01,NLMS,0.223739499997464,1.2722197588207862
32,0.0001,LMS,0.1617602999904193,1.26735635334881
32,0.0001,NLMS,0.22739280000678264,1.1285015635276823
32,0.0005,LMS,0.15849980000348296,1.2986085342057863
32,0.0005,NLMS,0.22557160000724252,1.2764344711105804
32,0.001,LMS,0.15853000000061002,1.2948135395357712
32,0.001,NLMS,0.22260459999961313,1.2933536045316776
32,0.005,LMS,0.1572539000044344,1.2322639513281066
32,0.005,NLMS,0.22478099999716505,1.2915018293368006
32,0.01,LMS,0.1624450999952387,1.1557686355652883
32,0.01,NLMS,0.22958400000061374,1.27230728599449
64,0.0001,LMS,0.16468459999305196,1.2915948922841483
64,0.0001,NLMS,0.23640789999626577,1.1305761688021974
64,0.0005,LMS,0.16281540000636596,1.2969809908462753
64,0.0005,NLMS,0.23146179999457672,1.2785820626032578
64,0.001,LMS,0.1640159000089625,1.2823974546432162
64,0.001,NLMS,0.23098760000721086,1.295511120312923
64,0.005,LMS,0.16507639999326784,1.1579702320267309
64,0.005,NLMS,0.2338160999934189,1.2936706845833217
64,0.01,LMS,0.16466439999931026,1.0251282471384244
64,0.01,NLMS,0.23964970000088215,1.2744816993486594
128,0.0001,LMS,0.1900951999996323,1.3037874600552692
128,0.0001,NLMS,0.26921530000981875,1.1341186249562671
128,0.0005,LMS,0.18876870001258794,1.286086775094108
128,0.0005,NLMS,0.266874100008863,1.2822479734482592
128,0.001,LMS,0.19778539999970235,1.2540909150307868
128,0.001,NLMS,0.26959479998913594,1.299192726505144
128,0.005,LMS,0.19355159999395255,1.02875239427933
128,0.005,NLMS,0.272612200002186,1.2973615866209411
128,0.01,LMS,0.18737460000556894,0.8449013696986074
128,0.01,NLMS,0.2729037000099197,1.2781695541524387
