window,raw_prediction,raw_confidence,majority_prediction,probability_average_prediction,probability_average_confidence,processing_ms,rms,overflowed,finite_audio
1,ENGINE,0.3169306814670563,ENGINE,ENGINE,0.3169306814670563,4006.1263000097824,0.001352617284283042,False,True
2,WIND,0.38657301664352417,ENGINE,WIND,0.3477204442024231,2160.1183000020683,0.001091398298740387,False,True
3,WIND,0.41213372349739075,WIND,WIND,0.3691915273666382,2143.2326000067405,0.0010788935469463468,False,True
4,WIND,0.3675615191459656,WIND,WIND,0.36878401041030884,2150.4254000028595,0.0010444502113386989,False,True
5,WIND,0.3893987238407135,WIND,WIND,0.37290695309638977,2155.3121999895666,0.0008716824813745916,False,True
6,WIND,0.4107694923877716,WIND,WIND,0.3932873010635376,2172.2268000012264,0.0011473878985270858,False,True
7,WIND,0.4509752690792084,WIND,WIND,0.40616774559020996,2166.8646999896737,0.0012948763323947787,False,True
8,WIND,0.5355553030967712,WIND,WIND,0.43085208535194397,2168.4432000038214,0.001648867386393249,False,True
9,ENGINE,0.3472500145435333,WIND,WIND,0.42480340600013733,2185.1803999888944,0.0011648230720311403,False,True
10,ENGINE,0.3571617603302002,WIND,WIND,0.4127839505672455,2150.6309999967925,0.0014287522062659264,False,True
11,ENGINE,0.35127952694892883,ENGINE,WIND,0.39984601736068726,2170.8179999986896,0.0010680960258468986,False,True
12,WIND,0.4456232488155365,ENGINE,WIND,0.3987756371498108,2163.8814999896567,0.0017658495344221592,False,True
13,WIND,0.38722825050354004,ENGINE,WIND,0.36911019682884216,2176.5119999909075,0.0011207149364054203,False,True
14,ENGINE,0.378795325756073,ENGINE,WIND,0.36865222454071045,2176.498699991498,0.0010460728080943227,False,True
15,WIND,0.4233943819999695,WIND,WIND,0.3874707818031311,2164.6672999922885,0.0010666382731869817,False,True
16,WIND,0.37251290678977966,WIND,WIND,0.39275744557380676,2172.071099994355,0.0010668999748304486,False,True
17,ENGINE,0.3824186623096466,WIND,WIND,0.3675193190574646,2157.9387999954633,0.0011692404514178634,False,True
18,WIND,0.3591724634170532,WIND,WIND,0.3619082272052765,2167.1142000122927,0.0018384025897830725,False,True
19,ENGINE,0.3427515923976898,WIND,WIND,0.363028347492218,2179.8017999972217,0.0014092447236180305,False,True
20,WIND,0.39498215913772583,WIND,WIND,0.3573458790779114,2167.0052999979816,0.001463332213461399,False,True
21,WIND,0.41169998049736023,WIND,WIND,0.3651832938194275,2164.682799993898,0.0013714170781895518,False,True
22,WIND,0.353537380695343,WIND,WIND,0.3720041811466217,2141.976300001261,0.0008607951458543539,False,True
23,WIND,0.39191168546676636,WIND,WIND,0.37855204939842224,2139.3055000080494,0.0018534974660724401,False,True
24,WIND,0.37544214725494385,WIND,WIND,0.38551467657089233,2135.303999995813,0.001348105724900961,False,True
25,WIND,0.4547184109687805,WIND,WIND,0.3974619507789612,2145.234099996742,0.0015805123839527369,False,True
26,ENGINE,0.35605084896087646,WIND,WIND,0.3824315667152405,2142.749200007529,0.0013779993169009686,False,True
27,ENGINE,0.37448105216026306,WIND,WIND,0.3756295144557953,2175.8396000077482,0.0013525070389732718,False,True
28,ENGINE,0.3599463701248169,ENGINE,WIND,0.36179909110069275,2162.5555000064196,0.0009394787484779954,False,True
29,ENGINE,0.37376105785369873,ENGINE,WIND,0.3500572144985199,2153.5676999919815,0.001254528877325356,False,True
30,ENGINE,0.36816900968551636,ENGINE,ENGINE,0.3664816915988922,2150.998900004197,0.001207713852636516,False,True
