window_index,predicted_class,confidence,processing_time_ms,audio_rms,audio_finite,overflowed,prob_engine,prob_rain,prob_siren,prob_wind
1,WIND,0.4610275328159332,1185.4848000220954,0.00026361633749031954,True,False,0.12983842194080353,0.3568146228790283,0.0523194894194603,0.4610275328159332
2,WIND,0.5196213126182556,33.92130002612248,0.00015726160612575824,True,False,0.11743633449077606,0.3110353350639343,0.0519070066511631,0.5196213126182556
3,RAIN,0.36211878061294556,11.668399965856224,1.4907610451296967e-05,True,False,0.34743615984916687,0.36211878061294556,0.07498844712972641,0.21545660495758057
4,ENGINE,0.3718007206916809,16.4991999627091,1.4695251681715563e-05,True,False,0.3718007206916809,0.3670435845851898,0.1262110322713852,0.13494466245174408
5,ENGINE,0.3685968518257141,12.788099993485957,1.46197992761273e-05,True,False,0.3685968518257141,0.3657502233982086,0.1332377791404724,0.13241519033908844
6,ENGINE,0.3669288158416748,12.766300002112985,1.4626765113566618e-05,True,False,0.3669288158416748,0.36435744166374207,0.13490667939186096,0.13380694389343262
7,RAIN,0.36659547686576843,12.921799963805825,1.4604861294014446e-05,True,False,0.3649117946624756,0.36659547686576843,0.13269047439098358,0.13580222427845
8,ENGINE,0.3682774007320404,13.569600007031113,1.4587913089254296e-05,True,False,0.3682774007320404,0.3645746409893036,0.13440252840518951,0.1327454298734665
9,ENGINE,0.3714993894100189,13.125400000717491,1.4597885004486237e-05,True,False,0.3714993894100189,0.36485862731933594,0.1291608214378357,0.13448122143745422
10,ENGINE,0.3675929009914398,12.74779997766018,1.4612830118120691e-05,True,False,0.3675929009914398,0.3649839460849762,0.13538073003292084,0.1320425271987915
11,ENGINE,0.36928659677505493,12.451899994630367,1.4605857634793585e-05,True,False,0.36928659677505493,0.36513692140579224,0.13220296800136566,0.13337351381778717
12,RAIN,0.366395503282547,12.498399999458343,1.4606853907611823e-05,True,False,0.36590856313705444,0.366395503282547,0.13333268463611603,0.13436324894428253
13,ENGINE,0.36708346009254456,12.7345000510104,1.4602868408517822e-05,True,False,0.36708346009254456,0.3649759590625763,0.1350971758365631,0.13284333050251007
14,ENGINE,0.3703276515007019,13.394600013270974,1.4590905379413816e-05,True,False,0.3703276515007019,0.36490753293037415,0.13154281675815582,0.13322199881076813
15,ENGINE,0.3705134987831116,12.705700006335974,1.4620794598950806e-05,True,False,0.3705134987831116,0.36564168334007263,0.1320706307888031,0.1317741721868515
16,WIND,0.513756513595581,12.729700014460832,6.911342976376891e-05,True,False,0.12861724197864532,0.29700762033462524,0.060618672519922256,0.513756513595581
17,RAIN,0.3699762523174286,12.551400053780526,1.4906634279312074e-05,True,False,0.34914106130599976,0.3699762523174286,0.07293658703565598,0.2079460769891739
18,ENGINE,0.34582820534706116,12.67209998331964,1.600082487023361e-05,True,False,0.34582820534706116,0.30865955352783203,0.06615307182073593,0.2793591022491455
19,RAIN,0.38964933156967163,12.887899996712804,1.4674441779821564e-05,True,False,0.3298548460006714,0.38964933156967163,0.08603864908218384,0.19445715844631195
20,ENGINE,0.3715105950832367,10.253100015688688,1.4626765113566618e-05,True,False,0.3715105950832367,0.363674134016037,0.1322455257177353,0.13256968557834625
